Товар,Цена,Категория,Краткое описание,Полное описание,Фото,Вес,Длина,Ширина,Высота
Аппаратный кошелёк Ledger Nano S Plus,33 990,Аппаратные кошельки,"""Новинка Ledger Nano S Plus с расширенной памятью и увеличенным экраном""","""Самый популярный кошелек в мире – Ledger Nano S – стал еще лучше.
Аппаратный кошелёк Ledger Nano S Plus может похвастаться увеличенным экраном и большим объемом памяти, в сравнении с предшественником.
 Сертифицированный безопасный чип (CC EAL5+) удерживает ваши личные ключи в автономном режиме, вне досягаемости хакеров. Больше памяти позволяет одновременно установить более 100 приложений.
 Отправляйте и подписывайте свои транзакции NFT с полной прозрачностью в Ledger Live: что вы видите, то и подписываете. Большой экран упрощает навигацию и проверку транзакций.""","""https://cryptonist.ru/wp-content/uploads/2022/02/ledger-nano-s-plus-2-100x100.jpg, https://cryptonist.ru/wp-content/uploads/2022/02/ledger-nano-s-plus-4-100x100.jpg, https://cryptonist.ru/wp-content/uploads/2022/02/ledger-nano-s-plus-3-100x100.jpg, https://cryptonist.ru/wp-content/uploads/2022/02/ledger-nano-s-plus-5-100x100.jpg, https://cryptonist.ru/wp-content/uploads/2022/02/ledger-nano-s-plus-6-100x100.jpg, https://cryptonist.ru/wp-content/uploads/2022/02/ledger-nano-s-plus-9-100x100.jpg, https://cryptonist.ru/wp-content/uploads/2022/02/ledger-nano-s-plus-01-100x100.jpg, https://cryptonist.ru/wp-content/uploads/2022/02/ledger-nano-s-plus-7-100x100.jpg, """,,,,
Аппаратный кошелёк Ledger Nano S,14 990,Аппаратные кошельки,"""Один из самых популярных аппаратных кошельков в мире""","""Ledger Nano S (Леджер Нано С) является самым продаваемым аппаратным кошельком для криптовалюты. Кошелек снабжен небольшим OLED-дисплеем и подключается к ПК через микро-USB вход. Особенностью кошелька является большой список поддерживаемых криптовалют (Биткоин, Рипл, Эфир и многих других). Повышенная мультивалютность поддерживается благодаря загрузке и удалению встроенных приложений для криптовалют. Аппаратная часть имеет двойную архитектуру чипов ST31/STM32, что обеспечивает наивысшую защиту приватных ключей от несанкционированного доступа.
 Стоит отметить, что крипто-кошелек Ledger Nano S полностью изолирован от компьютера. Ввод фразы восстановления возможен только на аппаратном кошельке, что позволяет сохранить ваши криптоактивы в безопасности.
 Дизайн корпуса представлен в трех цветах — серый, желтый и Lagoon Blue (бирюзовый) – что удовлетворит вкусы даже самых искушенных пользователей.""","""https://cryptonist.ru/wp-content/uploads/2018/11/ledger-nano-s-01-100x100.jpg, https://cryptonist.ru/wp-content/uploads/2018/11/ledger02-100x100.jpg, https://cryptonist.ru/wp-content/uploads/2018/11/ledger-nano-s-05-100x100.jpg, https://cryptonist.ru/wp-content/uploads/2018/11/ledger05-100x100.jpg, https://cryptonist.ru/wp-content/uploads/2018/11/ledger-nano-s-auth-1024-100x100.jpg, https://cryptonist.ru/wp-content/uploads/2018/11/ledger-nano-s-04-100x100.jpg, https://cryptonist.ru/wp-content/uploads/2018/11/ledger-nano-s-00-100x100.jpg, https://cryptonist.ru/wp-content/uploads/2021/11/ledger-nano-s-11-100x100.jpg, https://cryptonist.ru/wp-content/uploads/2021/11/ledger-nano-s-10-100x100.jpg, data:image/svg+xml,%3Csvg%20xmlns=%22http://www.w3.org/2000/svg%22%20viewBox=%220%200%20210%20140%22%3E%3C/svg%3E, """,0.016,5.7,1.7,0.9
Аппаратный кошелёк Ledger Nano X,29 990,Аппаратные кошельки,"""Модель с Bluetooth-соединением и увеличенной памятью""","""Новая модель Ledger с более широким дисплеем и увеличенной памятью, которая позволяет загрузить более 100 приложений для работы с разными криптовалютами и возможностями. Новинка имеет поддержку Bluetooth соединения со смартфоном. Это позволяет совершать транзакции через мобильный телефон. Ledger Nano X оснащен аккумулятором для автономной работы аппаратного кошелька со смартфоном без подключения к ПК.
 По заявлению разработчиков, подключение через Bluetooth не снижает безопасность кошелька, потому что все действия необходимо будет подтверждать на аппаратном кошельке по аналогии с младшей моделью.""","""https://cryptonist.ru/wp-content/uploads/2019/01/ledger_nano_x-100x100.png, https://cryptonist.ru/wp-content/uploads/2019/01/ledger_nano_x2-100x100.png, https://cryptonist.ru/wp-content/uploads/2019/01/ledger_nano_x3-100x100.png, """,0.034,7.2,1.8,1.1
Аппаратный кошелек Coolwallet Pro,18 990,Аппаратные кошельки,"""Новинка 2021 года выпуска с возможностью Стейкинга и работы в Defi""","""Криптовалютный кошелек CoolWallet Pro – это новое поколение в CoolBitX с улучшенным функционалом, безопасностью и дизайном. Разработчики интегрировали DeFi-протоколы для криптотрейдеров. Новая модель поддерживает все монеты, доступные в CoolWallet S и новые криптовалюты: Tron (TRX), Cosmos (ATOM), Polkadot (DOT).
 Гибкий и водонепроницаемый корпус защитит холодный кошелек CoolWallet Pro от попадания влаги и снизит ослабит механические повреждения. Кошелек обладает стильным и элегантным дизайном, отличительные черты которого – выделенные точки зарядки и рецессивная кнопка подтверждения.
 В кошельке добавили DeFi-стекинг: пользователи могут хранить криптовалюту, получая доход на алгоритме PoS. Микросхемы содержат секьюрный чип CC EAL6+, сделанный по самым высоким стандартам безопасности для холодного хранения биткоина и альткоинов.
 В комплект поставки входит:
1. устройство CoolWallet Pro с чипом Secure Element, 2 + 1 факторной аутентификацией и Bluetooth-коннектором;
2. док-станция для зарядки и кабель;
3. карта для хранения seed-фразы.""","""https://cryptonist.ru/wp-content/uploads/2021/05/coolwallet-pro-3-100x100.jpg, https://cryptonist.ru/wp-content/uploads/2021/05/coolwallet-pro-5-100x100.jpg, https://cryptonist.ru/wp-content/uploads/2021/05/coolwallet-pro-7-100x100.jpg, https://cryptonist.ru/wp-content/uploads/2021/05/coolwallet-pro-4-100x100.jpg, https://cryptonist.ru/wp-content/uploads/2021/05/coolwallet-pro-8-100x100.jpg, https://cryptonist.ru/wp-content/uploads/2021/05/coolwallet-pro-6-100x100.jpg, https://cryptonist.ru/wp-content/uploads/2021/05/coolwallet-pro-1.jpg, https://cryptonist.ru/wp-content/uploads/2021/05/coolwallet-pro-2-100x100.jpg, """,0.006,8.5,5.4,0.1
Аппаратный кошелек CoolWallet S,14 990,Аппаратные кошельки,"""Компактный аппаратный кошелек в виде кредитной карточки""","""CoolWallet S – единственный в мире холодный кошелек, который работает на мобильном приложении. Он подключается к мобильному телефону через зашифрованное соединение по Bluetooth. Далее все действия происходят внутри мобильного приложения. В приложении не нужно регистрироваться, все полностью анонимно.
 Транзакции, как и во всех аппаратных кошельках, подтверждаются путем нажатия кнопки на самом CoolWallet. Более того, на кошельке есть чернильный дисплей, отображающий цифры, монеты, индикатор соединения и батареи.
 Устройство заряжается от USB-зарядки. Производители говорят, что батареи Coolwallet S может хватить на 2 – 3 недели, если устройство полностью зарядить.""","""https://cryptonist.ru/wp-content/uploads/2018/11/CoolWallet-S-and-App-e1528699227589-100x100.jpg, https://cryptonist.ru/wp-content/uploads/2018/11/CWS_Durability-100x100.jpg, https://cryptonist.ru/wp-content/uploads/2018/11/DSCF3492-e1525941879845-100x100.jpg, https://cryptonist.ru/wp-content/uploads/2018/11/DSCF3509-100x100.jpg, https://cryptonist.ru/wp-content/uploads/2018/11/DSCF3533-100x100.jpg, https://cryptonist.ru/wp-content/uploads/2018/11/Coolwallet_main-100x100.jpg, """,0.002,8.5,5.4,0.1
Аппаратный кошелёк Coolwallet S DUO,23 500,Аппаратные кошельки,"""Модель CoolWallet S с дополнительной картой в комплекте""","""Кошелек CoolWallet S DUO – это второй продукт безопасного холодного хранения от производителя CoolBitX из Тайвани. Единственное отличие от модели DUO заключается в дополнительной карте, которая прилагается к комплектации. Вторая карта позволит распоряжаться активами с двух устройств одновременно или может служить резервным кошельком в случае утери первого. Устройство работает с помощью приложений на базе смартфоном iOS и Android.
 Экономичный чернильный дисплей позволяет работать устройству без подзарядки более двух недель. Механическая кнопка требуется для подтверждения транзакций, что исключает какую-либо возможность удаленного взлома и кражи цифровых активов. Резервное копирование BIP39 позволит восстановить криптовалюту на любом другом горячем или аппаратном устройстве.""","""https://cryptonist.ru/wp-content/uploads/2019/10/coolwallet-s-duo-02-100x100.jpg, https://cryptonist.ru/wp-content/uploads/2019/10/coolwallet-s-duo-03-100x100.jpg, https://cryptonist.ru/wp-content/uploads/2019/10/coolwallet-s-duo-04-100x100.jpg, https://cryptonist.ru/wp-content/uploads/2019/10/coolwallet-s-duo-05-100x100.jpg, https://cryptonist.ru/wp-content/uploads/2019/10/coolwallet-s-duo-06-100x100.jpg, https://cryptonist.ru/wp-content/uploads/2019/10/coolwallet-s-duo-07-100x100.jpg, https://cryptonist.ru/wp-content/uploads/2019/10/coolwallet-s-duo-01-100x100.jpg, """,0.002,8.5,5.4,0.1
Аппаратный кошелёк D’CENT Biometric Wallet,18 490,Аппаратные кошельки,"""Холодный кошелек со сканером отпечатка пальца""","""Криптовалютный кошелек D’CENT Biometric Wallet – безопасное устройство для надежного хранения криптовалют, таких как биткоин или эфириум, с усиленной биометрической аутентификацией и сканером отпечатков пальцев. Кошелек оснащен большим OLED-дисплеем и чипом EAL5+, обеспечивающим безопасность банковского уровня. Устройства D’CENT генерируют ключи без подключения к дополнительному программному обеспечению.
 В случае утери устройства вы легко сможете восстановить доступ к средствам. Холодный кошелек D’CENT Biometric Wallet обладает архитектурой Miltu-IC, которая обеспечивает самую сильную защиту конфиденциальных данных и закрытых ключей.""","""https://cryptonist.ru/wp-content/uploads/2021/06/dcent-biometric-wallet-8-100x100.jpg, https://cryptonist.ru/wp-content/uploads/2021/06/dcent-biometric-wallet-9-100x100.jpg, https://cryptonist.ru/wp-content/uploads/2021/06/dcent-biometric-wallet-10-100x100.jpg, https://cryptonist.ru/wp-content/uploads/2021/06/dcent-biometric-wallet-5-100x100.jpg, https://cryptonist.ru/wp-content/uploads/2021/06/dcent-biometric-wallet-4-100x100.jpg, https://cryptonist.ru/wp-content/uploads/2021/06/dcent-biometric-wallet-11-100x100.jpg, https://cryptonist.ru/wp-content/uploads/2021/06/dcent-biometric-wallet-1-100x100.jpg, https://cryptonist.ru/wp-content/uploads/2021/06/dcent-biometric-wallet-2-100x100.jpg, https://cryptonist.ru/wp-content/uploads/2021/06/dcent-biometric-wallet-7-100x100.jpg, https://cryptonist.ru/wp-content/uploads/2021/06/dcent-biometric-wallet-3-100x100.jpg, https://cryptonist.ru/wp-content/uploads/2021/06/dcent-biometric-wallet-12-100x100.jpg, https://cryptonist.ru/wp-content/uploads/2021/06/dcent-biometric-wallet-6-100x100.jpg, data:image/svg+xml,%3Csvg%20xmlns=%22http://www.w3.org/2000/svg%22%20viewBox=%220%200%20210%20140%22%3E%3C/svg%3E, """,0.036,7.7,4.3,1.1
Резервная карта D’CENT,3 500,Аппаратные кошельки,"""Устройство для резервной копии Ethereum Card Wallet""","""Резервная карта D’CENT Backup Card – это аппаратный кошелек, который не хранит никакие данные внутри чипа безопасности (Secure Element). Используется для хранения резервных копий оригинального криптокошелька Ethereum Card Wallet.
 Резервные копии кошельков защищены технологией Secure Encryption. Данные поступают на резервную карту в зашифрованном виде, а затем декодируются, создавая точную копию основного кошелька. Пользователь задает пароль для шифрования оригинального криптокошелька. Картой можно управлять в оригинальном мобильном приложении D’CENT.""","""https://cryptonist.ru/wp-content/uploads/2021/08/backup-card-100x100.jpg, https://cryptonist.ru/wp-content/uploads/2021/08/backup-card-1-100x100.jpg, https://cryptonist.ru/wp-content/uploads/2021/08/backup-card-5-100x100.jpg, https://cryptonist.ru/wp-content/uploads/2021/08/backup-card-3-100x100.jpg, https://cryptonist.ru/wp-content/uploads/2021/08/backup-card-4-100x100.jpg, https://cryptonist.ru/wp-content/uploads/2021/08/backup-card-2.2-100x100.jpg, """,0.001,8.56,4.5,0.08
Аппаратный кошелёк D’CENT Ethereum Card Wallet,4 500,Аппаратные кошельки,"""Аппаратный кошелек D’CENT Ethereum Card Wallet с модулем NFC""","""D’CENT Ethereum Card Wallet в виде кредитной карты создан для холодного хранения криптовалюты ETH, токенов ERC-20 и ERC-721, а также NFT. Кошелек Ethereum Card Wallet поддерживает синхронизацию с мобильными приложениями через NFC и обладает удобным интерфейсом.
 Можно использовать как аутентификатор для блокчейн-игр и DApps, чтобы повысить безопасность при обмене цифровых монет. Криптовалютный кошелек Ethereum Card Wallet оснащен сертифицированным IC-чипом безопасности EAL5+. Адрес для отправки цифровых монет отображается в виде QR-кода и не требует использования мобильных приложений.
Отлично подойдет в качестве подарка для друзей и семьи!""","""https://cryptonist.ru/wp-content/uploads/2021/08/ethereum-card-wallet-1-100x100.jpg, https://cryptonist.ru/wp-content/uploads/2021/08/ethereum-card-wallet-2-100x100.jpg, https://cryptonist.ru/wp-content/uploads/2021/08/ethereum-card-wallet-4-100x100.jpg, https://cryptonist.ru/wp-content/uploads/2021/08/ethereum-card-wallet-3-100x100.jpg, https://cryptonist.ru/wp-content/uploads/2021/08/ethereum-card-wallet-7-100x100.jpg, https://cryptonist.ru/wp-content/uploads/2021/08/ethereum-card-wallet-6-100x100.jpg, """,0.001,8.56,4.5,0.08
Аппаратный кошелёк Tangem TWIN: BTC,13 500,Аппаратные кошельки,"""Две Bitcoin-карты с одним кошельком""","""Аппаратный кошелек Tangem Twin: BTC – набор из двух карт для холодного хранения Биткоина. Обе карты привязаны к одному Bitcoin-кошельку, с которого пользователь управляет активами и совершает транзакции.
 Каждая карта генерирует уникальный приватный ключ, который нельзя извлечь. Он хранится также на второй карте, используемой вместо резервной копии, что исключает необходимость хранения seed-фразы. Аппаратный кошелек поддерживает NFC для синхронизации с мобильным приложением Tangem и снабжен SE-чипом EAL6+, который гарантирует отсутствие бэкдоров в исходном коде и предоставляет наивысшую степень безопасности. Прошивка кошелька прошла аудит Kudelski Security.
 Криптокошелек Tangem Twin BTC защищен от воздействия окружающей среды благодаря Ingress Protection Code (IP68) и работает в диапазоне температур от -35? до +85?. Для синхронизации со смартфоном и настройки карт требуется 3 минуты.""","""https://cryptonist.ru/wp-content/uploads/2018/05/tangem-twin-20-100x100.jpg, https://cryptonist.ru/wp-content/uploads/2018/05/tangem-twin-9-100x100.jpg, https://cryptonist.ru/wp-content/uploads/2018/05/tangem-twin-23-100x100.jpg, https://cryptonist.ru/wp-content/uploads/2018/05/tangem-twin-13-100x100.jpg, https://cryptonist.ru/wp-content/uploads/2018/05/tangem-twin-14-100x100.jpg, https://cryptonist.ru/wp-content/uploads/2018/05/tangem-twin-10-100x100.jpg, https://cryptonist.ru/wp-content/uploads/2018/05/tangem-twin-1-100x100.jpg, https://cryptonist.ru/wp-content/uploads/2018/05/tangem-twin-8-100x100.jpg, https://cryptonist.ru/wp-content/uploads/2018/05/tangem-twin-7.1-100x100.jpg, https://cryptonist.ru/wp-content/uploads/2018/05/tangem-twin-2-100x100.jpg, https://cryptonist.ru/wp-content/uploads/2018/05/tangem-twin-5-100x100.jpg, https://cryptonist.ru/wp-content/uploads/2018/05/tangem-twin-21-100x100.jpg, https://cryptonist.ru/wp-content/uploads/2018/05/tangem-twin-22-100x100.jpg, data:image/svg+xml,%3Csvg%20xmlns=%22http://www.w3.org/2000/svg%22%20viewBox=%220%200%20210%20140%22%3E%3C/svg%3E, """,0.003,8.56,4.5,0.06
Аппаратный кошелёк Tangem Wallet,6 490,Аппаратные кошельки,"""Мультивалютная карта для холодного хранения криптоактивов""","""Tangem Wallet – мультивалютный аппаратный кошелек в виде карты, обеспечивающий безопасное офлайн-хранение цифровых активов, таких как Bitcoin (BTC), Ethereum (ETH), Binance (Coin), Cardano (ADA) и многих других. Карта позволяет хранить более 1000 различных токенов в 13 блокчейнах и предоставляет доступ к DeFi и токенам NFT. Управление кошельком осуществляется с помощью оригинального приложения на устройствах Android и iOS.
 Банкнота Tangem Wallet обеспечивает наивысшую безопасность на рынке: карта содержит чип с сертификатом EAL6+ и стандарт IP68 для максимальной защиты от воздействий окружающей среды. Криптокошелек прошел проверку Kudelski Security. Для доступа к транзакциям в криптокошельке потребуется приватный ключ или seed-фраза, которые генерируется при создании кошелька.
 Одна карта Tangem Wallet не обеспечивает резервное копирование. Для создания бэкапов рассмотрите комплект из 2-х или 3-х карт.""","""https://cryptonist.ru/wp-content/uploads/2021/12/tangem_wallet_1-3-100x100.jpg, https://cryptonist.ru/wp-content/uploads/2021/12/tangem_wallet_1-4-100x100.jpg, https://cryptonist.ru/wp-content/uploads/2021/12/tangem_wallet_1-5-100x100.jpg, https://cryptonist.ru/wp-content/uploads/2021/12/tangem_wallet_1-7-100x100.jpg, https://cryptonist.ru/wp-content/uploads/2021/12/tangem_wallet_1-8-100x100.jpg, https://cryptonist.ru/wp-content/uploads/2021/12/tangem_wallet_1-6-100x100.jpg, https://cryptonist.ru/wp-content/uploads/2021/12/tangem_wallet_1-1-100x100.jpg, https://cryptonist.ru/wp-content/uploads/2021/11/tangem_wallet_3-20-100x100.jpg, data:image/svg+xml,%3Csvg%20xmlns=%22http://www.w3.org/2000/svg%22%20viewBox=%220%200%20210%20140%22%3E%3C/svg%3E, """,0.003,8.56,5.4,0.06
Аппаратный кошелёк Tangem Wallet (2 карты),12 980,Аппаратные кошельки,"""Аппаратный кошелек Tangem с резервной картой""","""Tangem Wallet в комплекте из 2-х карт обеспечивает наивысшую безопасность и резервное копирование аппаратного кошелька одновременно. Первая карта используется для хранения криптовалют, а вторая – чтобы восстановить доступ к средствам из резервной фразы в случае потери или кражи криптокошелька.
 Карта генерирует приватный ключ, никогда не покидающий кошелек. Прошивка криптокошелька проверена компанией Kudelski Security. В банкноту встроен секьюрный чип EAL6+, а IP68 обеспечивает надежную защиту корпуса от любых внешних воздействий. В Tangem Wallet можно хранить более 1000 токенов на 13 блокчейнах.""","""https://cryptonist.ru/wp-content/uploads/2021/12/tangem_wallet_2-7-100x100.jpg, https://cryptonist.ru/wp-content/uploads/2021/12/tangem_wallet_2-3-100x100.jpg, https://cryptonist.ru/wp-content/uploads/2021/12/tangem_wallet_2-10-100x100.jpg, https://cryptonist.ru/wp-content/uploads/2021/12/tangem_wallet_2-8-100x100.jpg, https://cryptonist.ru/wp-content/uploads/2021/12/tangem_wallet_2-9-100x100.jpg, https://cryptonist.ru/wp-content/uploads/2021/12/tangem_wallet_2-4-100x100.jpg, https://cryptonist.ru/wp-content/uploads/2021/12/tangem_wallet_2-1-100x100.jpg, https://cryptonist.ru/wp-content/uploads/2021/11/tangem_wallet_3-20-100x100.jpg, https://cryptonist.ru/wp-content/uploads/2021/12/tangem_wallet_2-13-100x100.jpg, https://cryptonist.ru/wp-content/uploads/2021/12/tangem_wallet_2-12-100x100.jpg, https://cryptonist.ru/wp-content/uploads/2021/12/tangem_wallet_2-11-100x100.jpg, https://cryptonist.ru/wp-content/uploads/2021/12/tangem_wallet_2-2-100x100.jpg, https://cryptonist.ru/wp-content/uploads/2021/12/tangem_wallet_2-6-100x100.jpg, https://cryptonist.ru/wp-content/uploads/2021/12/tangem_wallet_2-5-100x100.jpg, data:image/svg+xml,%3Csvg%20xmlns=%22http://www.w3.org/2000/svg%22%20viewBox=%220%200%20210%20140%22%3E%3C/svg%3E, """,0.003,8.56,5.4,0.06
Аппаратный кошелёк Tangem Wallet (3 карты),16 853,Аппаратные кошельки,"""Аппаратный кошелек Tangem с возможностью бэкапа до двух карт""","""Tangem Wallet – это новинка в индустрии аппаратных кошельков, выпущенная в конце 2021 года! Одна из особенностей – работа со смартфонами на базе iOS и Android через NFC. Это означает, что вы в удобном виде можете видеть баланс ваших монет, получать и отправлять средства.
 На текущий момент кошельки Тангем поддерживают около 1000 монет и токенов на 13 основных блокчейнах и их форках. Интеграция с протоколом Wallet Connect позволяет работать с Defi платформами и NFT токенами.
 Аппаратный кошелек Tangem Wallet имеет возможность резервного копирования – можно установить до двух резервных копий на аналогичных картах. Таким образом, у владельца крипто-активов будет 1 действующая карта и 2 резервные. Резервное копирование выполняется только один раз, при желании этот процесс можно отложить.""","""https://cryptonist.ru/wp-content/uploads/2021/12/tangem_wallet_3-6-100x100.jpg, https://cryptonist.ru/wp-content/uploads/2021/12/tangem_wallet_3-4-100x100.jpg, https://cryptonist.ru/wp-content/uploads/2021/12/tangem_wallet_3-9-100x100.jpg, https://cryptonist.ru/wp-content/uploads/2021/12/tangem_wallet_3-8-100x100.jpg, https://cryptonist.ru/wp-content/uploads/2021/12/tangem_wallet_3-6.1-100x100.jpg, https://cryptonist.ru/wp-content/uploads/2021/12/tangem_wallet_3-3-100x100.jpg, https://cryptonist.ru/wp-content/uploads/2021/12/tangem_wallet_3-1-100x100.jpg, https://cryptonist.ru/wp-content/uploads/2021/11/tangem_wallet_3-20-100x100.jpg, https://cryptonist.ru/wp-content/uploads/2021/12/tangem_wallet_3-2-100x100.jpg, https://cryptonist.ru/wp-content/uploads/2021/12/tangem_wallet_3-10-100x100.jpg, https://cryptonist.ru/wp-content/uploads/2021/12/tangem_wallet_3-11-100x100.jpg, https://cryptonist.ru/wp-content/uploads/2021/12/tangem_wallet_3-12-100x100.jpg, https://cryptonist.ru/wp-content/uploads/2021/12/tangem_wallet_3-7-100x100.jpg, https://cryptonist.ru/wp-content/uploads/2021/12/tangem_wallet_3-5-100x100.jpg, data:image/svg+xml,%3Csvg%20xmlns=%22http://www.w3.org/2000/svg%22%20viewBox=%220%200%20210%20140%22%3E%3C/svg%3E, """,0.003,8.56,5.4,0.06
Аппаратный кошелёк Tangem Note ADA,3 500,Аппаратные кошельки,"""Удобная кошелек-карта для безопасного хранения ADA""","""Tangem Note ADA – безопасная и удобная карта для хранения криптовалюты Cardano. Поддерживает модуль NFC для бесконтактной связи со смартфоном и чип EAL6+, сделанный по высшим стандартам безопасности. Благодаря этому приватный ключ от криптокошелька надежно защищен и никогда не покидает банкноту.
 Карта кошелька Tangem Note ADA сделана по стандарту IP68 и надежно защищена от воздействия окружающей среды. Вы можете хранить и обменивать криптовалюту ADA и другие токены в оригинальном приложении аппаратного кошелька.""","""https://cryptonist.ru/wp-content/uploads/2021/12/tangem_note_ada-2-100x100.jpg, https://cryptonist.ru/wp-content/uploads/2021/12/tangem_note_ada-7-100x100.jpg, https://cryptonist.ru/wp-content/uploads/2021/12/tangem_note_ada-5-100x100.jpg, https://cryptonist.ru/wp-content/uploads/2018/05/tangem_note_ada-9-100x100.jpg, https://cryptonist.ru/wp-content/uploads/2021/12/tangem_note_ada-6-100x100.jpg, https://cryptonist.ru/wp-content/uploads/2021/12/tangem_note_ada-8-100x100.jpg, https://cryptonist.ru/wp-content/uploads/2021/12/tangem_note_ada-1-100x100.jpg, https://cryptonist.ru/wp-content/uploads/2021/11/tangem_wallet_3-20-100x100.jpg, """,0.003,8.56,5.4,0.06
Аппаратный кошелёк Tangem Note XRP,3 500,Аппаратные кошельки,"""Удобная и безопасная карта для холодного хранения XRP""","""Tangem Note XRP – это аппаратный кошелек-карта, сделанный специально для хранения криптовалюты Ripple. Одно из главных преимуществ банкноты – безопасность криптокошелька, которая подтверждена известной компанией Kudelski Security.
 Доступ к токенам и транзакциям осуществляется через мобильное приложение, карта оснащена модулем NFC для бесконтактной связи со смартфоном. Приватный ключ надежно сокрыт внутри карты и защищен чипом EAL6+. Tangem Note XRP послужит отличным подарком для любителей криптовалюты Рипл.""","""https://cryptonist.ru/wp-content/uploads/2021/12/tangem_note_xrp-4-100x100.jpg, https://cryptonist.ru/wp-content/uploads/2021/12/tangem_note_xrp-8-100x100.jpg, https://cryptonist.ru/wp-content/uploads/2021/12/tangem_note_xrp-5-100x100.jpg, https://cryptonist.ru/wp-content/uploads/2021/12/tangem_note_xrp-6-100x100.jpg, https://cryptonist.ru/wp-content/uploads/2021/12/tangem_note_xrp-7-100x100.jpg, https://cryptonist.ru/wp-content/uploads/2021/12/tangem_note_xrp-9-100x100.jpg, https://cryptonist.ru/wp-content/uploads/2021/12/tangem_note_xrp-1-100x100.jpg, https://cryptonist.ru/wp-content/uploads/2021/11/tangem_wallet_3-20-100x100.jpg, https://cryptonist.ru/wp-content/uploads/2021/12/tangem_note_xrp-2-100x100.jpg, https://cryptonist.ru/wp-content/uploads/2021/12/tangem_note_xrp-3-100x100.jpg, data:image/svg+xml,%3Csvg%20xmlns=%22http://www.w3.org/2000/svg%22%20viewBox=%220%200%20210%20140%22%3E%3C/svg%3E, """,0.003,8.56,5.4,0.06
Аппаратный кошелёк Tangem Note BTC,3 500,Аппаратные кошельки,"""Удобная и безопасная Bitcoin-карта с NFC-чипом""","""Tangem Note BTC – это аппаратный кошелек, в котором пользователи могут безопасно хранить криптовалюту Bitcoin. Безопасность банкноты подтверждена аудиторской компанией Kudelski Security. Криптокошелек имеет SE-чип EAL6+, который обеспечивает наилучшую защиту приватного ключа от несанкционированного доступа среди существующих решений на рынке.
 Биткоин-банкнота Tangem Note BTC управляется через мобильное приложение, которое можно загрузить из App Store или Google Play. Для получения доступа к кошельку и совершения транзакций потребуется закрытый ключ или seed-фраза.""","""https://cryptonist.ru/wp-content/uploads/2021/12/tangem_note_btc-3-100x100.jpg, https://cryptonist.ru/wp-content/uploads/2021/12/tangem_note_btc-4-100x100.jpg, https://cryptonist.ru/wp-content/uploads/2021/12/tangem_note_btc-6-100x100.jpg, https://cryptonist.ru/wp-content/uploads/2021/12/tangem_note_btc-5-100x100.jpg, https://cryptonist.ru/wp-content/uploads/2021/12/tangem_note_btc-7-100x100.jpg, https://cryptonist.ru/wp-content/uploads/2021/12/tangem_note_btc-8-100x100.jpg, https://cryptonist.ru/wp-content/uploads/2021/12/tangem_note_btc-1-100x100.jpg, https://cryptonist.ru/wp-content/uploads/2021/11/tangem_wallet_3-20-100x100.jpg, """,0.003,8.56,5.4,0.06
Аппаратный кошелёк Tangem Note BNB,3 500,Аппаратные кошельки,"""Удобная и безопасная карта для холодного хранения BNB""","""Аппаратный кошелек Tangem Note BNB сделан для безопасного холодного хранения криптовалюты Binance Coin, выпущенных на блокчейне BSC. BNB выпущена известной компанией Бинанс и это одна из самых распространенных монет, используемых в DeFi-приложениях, к которым пользователи могут получить доступ в приложении Tangem.
 Безопасный чип EAL6+, встроенный в банкноту, будет надежно хранить ваш приватный ключ. Для восстановления доступа и совершения транзакций в приложении понадобится мнемоническая фраза от криптокошелька. Вы можете приобрести карту Tangem Note BNB для личного пользования или в качестве подарка друзьям и близким, которые хотят ознакомиться с криптовалютами.""","""https://cryptonist.ru/wp-content/uploads/2021/12/tangem_note_bnb-3-100x100.jpg, https://cryptonist.ru/wp-content/uploads/2021/12/tangem_note_bnb-4-100x100.jpg, https://cryptonist.ru/wp-content/uploads/2021/12/tangem_note_bnb-5-100x100.jpg, https://cryptonist.ru/wp-content/uploads/2021/12/tangem_note_bnb-6-100x100.jpg, https://cryptonist.ru/wp-content/uploads/2018/05/tangem_note_bnb-8-100x100.jpg, https://cryptonist.ru/wp-content/uploads/2021/12/tangem_note_bnb-7-100x100.jpg, https://cryptonist.ru/wp-content/uploads/2021/12/tangem_note_bnb-1-100x100.jpg, https://cryptonist.ru/wp-content/uploads/2021/11/tangem_wallet_3-20-100x100.jpg, https://cryptonist.ru/wp-content/uploads/2021/12/tangem_note_bnb-2-100x100.jpg, """,0.003,8.56,5.4,0.06
Аппаратный кошелёк Tangem Note DOGE,3 500,Аппаратные кошельки,"""Удобная и безопасная карта для хранения Dogecoin""","""Аппаратный кошелек Tangem Note DOGE сделан по высшим стандартам безопасности, чтобы пользователи могли хранить криптовалюту Dogecoin. Устройство в форме карты снабжено модулем NFC и чипом EAL6+, а также защищено от внешних воздействий в соответствии со стандартом IP68. Приватный ключ безопасно хранится внутри карты и никогда не покидает устройство.
 Банкнота синхронизируется с мобильным приложением при помощи NFC-чипа. Резервная фраза поможет восстановить доступ к транзакциям в Tangem App. Отлично подойдет в качестве подарка тому, кто интересуется криптовалютами. Tangem Note DOGE сделан так, чтобы в нем мог разобраться любой новичок.""","""https://cryptonist.ru/wp-content/uploads/2021/12/tangem_note_doge-4-100x100.jpg, https://cryptonist.ru/wp-content/uploads/2021/12/tangem_note_doge-5-100x100.jpg, https://cryptonist.ru/wp-content/uploads/2021/12/tangem_note_doge-6-100x100.jpg, https://cryptonist.ru/wp-content/uploads/2021/12/tangem_note_doge-8-100x100.jpg, https://cryptonist.ru/wp-content/uploads/2021/12/tangem_note_doge-9-100x100.jpg, https://cryptonist.ru/wp-content/uploads/2021/12/tangem_note_doge-7-100x100.jpg, https://cryptonist.ru/wp-content/uploads/2021/12/tangem_note_doge-1-100x100.jpg, https://cryptonist.ru/wp-content/uploads/2021/11/tangem_wallet_3-20-100x100.jpg, https://cryptonist.ru/wp-content/uploads/2021/12/tangem_note_doge-2-100x100.jpg, https://cryptonist.ru/wp-content/uploads/2021/12/tangem_note_doge-3-100x100.jpg, data:image/svg+xml,%3Csvg%20xmlns=%22http://www.w3.org/2000/svg%22%20viewBox=%220%200%20210%20140%22%3E%3C/svg%3E, """,0.003,8.56,5.4,0.06
Аппаратный кошелёк Tangem Note ETH,3 500,Аппаратные кошельки,"""Удобная и безопасная Ethereum-карта с NFC-чипом""","""Аппаратный кошелек Tangem Note Ethereum создан в виде карты и позволяет безопасно хранить криптовалюту ETH. Среди особенностей банкноты выделяются продвинутая безопасность, обеспеченная за счет чипа EAL6+ и подтвержденная Kudelski Security, а также наилучшая защита от воздействий окружающей среды IP68.
 Приватный ключ не покидает устройство. Если нужно восстановить доступ при потере криптокошелька, воспользуйтесь мнемонической фразой. Чтобы совершать транзакции, скачайте удобное мобильное приложение Tangem. В нем доступно более 100 DeFi-приложений для обмена, фарминга и других задач.""","""https://cryptonist.ru/wp-content/uploads/2021/12/tangem_note_eth-4-100x100.jpg, https://cryptonist.ru/wp-content/uploads/2021/12/tangem_note_eth-12-100x100.jpg, https://cryptonist.ru/wp-content/uploads/2021/12/tangem_note_eth-11-100x100.jpg, https://cryptonist.ru/wp-content/uploads/2021/12/tangem_note_eth-8-100x100.jpg, https://cryptonist.ru/wp-content/uploads/2021/12/tangem_note_eth-6-100x100.jpg, https://cryptonist.ru/wp-content/uploads/2021/12/tangem_note_eth-10-100x100.jpg, https://cryptonist.ru/wp-content/uploads/2021/12/tangem_note_eth-1-100x100.jpg, https://cryptonist.ru/wp-content/uploads/2021/11/tangem_wallet_3-20-100x100.jpg, https://cryptonist.ru/wp-content/uploads/2021/12/tangem_note_eth-3-100x100.jpg, https://cryptonist.ru/wp-content/uploads/2021/12/tangem_note_eth-9-100x100.jpg, https://cryptonist.ru/wp-content/uploads/2021/12/tangem_note_eth-5-100x100.jpg, data:image/svg+xml,%3Csvg%20xmlns=%22http://www.w3.org/2000/svg%22%20viewBox=%220%200%20210%20140%22%3E%3C/svg%3E, """,0.003,8.56,5.4,0.06
Trezor Model T аппаратный кошелек,54 990,Аппаратные кошельки,"""Новая модель Trezor с большим Touch Screen дисплеем и SD-слотом""","""Trezor T – это старшая модель линейки аппаратных кошельков для безопасного хранения криптовалют. Кошелек имеет яркий Touch Screen дисплей, который позволяет работать с ним как на смартфоне. Новый процессор делает его максимально отзывчивым и быстрым. Усовершенствованное программное ядро обеспечивает поддержку большего числа монет.
 Trezor T позволяет подключать micro-SD карту с личными файлами и шифровать их с помощью одного из приватных ключей вашего SEED’а. К кошельку прилагается магнитный держатель, к которому вы можете прикрепить девайс и поместить на любую поверхность.""","""https://cryptonist.ru/wp-content/uploads/2018/11/trezor_t_15-100x100.jpg, https://cryptonist.ru/wp-content/uploads/2018/11/trezor_t_hand-100x100.jpg, https://cryptonist.ru/wp-content/uploads/2018/11/trezor_t_4-1-100x100.jpg, https://cryptonist.ru/wp-content/uploads/2018/11/trezort_pack-100x100.jpg, https://cryptonist.ru/wp-content/uploads/2018/11/cryptosteel-and-trezor-100x100.jpg, https://cryptonist.ru/wp-content/uploads/2018/11/trezor_t_2-100x100.jpg, https://cryptonist.ru/wp-content/uploads/2018/11/trezor_t_5-1-100x100.jpg, https://cryptonist.ru/wp-content/uploads/2018/11/trezor_t_8-1-100x100.jpg, https://cryptonist.ru/wp-content/uploads/2018/11/trezor_t_10-1-100x100.jpg, https://cryptonist.ru/wp-content/uploads/2018/11/trezort_screen-100x100.jpg, https://cryptonist.ru/wp-content/uploads/2018/11/trezor_t_11-1-100x100.jpg, data:image/svg+xml,%3Csvg%20xmlns=%22http://www.w3.org/2000/svg%22%20viewBox=%220%200%20210%20140%22%3E%3C/svg%3E, """,0.022,6.4,3.9,1
Аппаратный кошелек Trezor One,24 990,Аппаратные кошельки,"""Самый первый в мире аппаратный кошелек для криптовалюты""","""Trezor One – самый безопасный аппаратный кошелек для криптовалюты, разработанный компанией Satoshi Labs.
 Кошелек Trezor позволяет безопасно пользоваться криптовалютой, так как Ваши приватные ключи находятся на устройстве и никогда не покидают его. Вы можете подключать Трезор даже к зараженному компьютеру, так как вся важная информация будет отображаться исключительно на дисплее кошелька, а совершать транзакции вы будете путем нажатия на фронтальные кнопки устройства.""","""https://cryptonist.ru/wp-content/uploads/2018/11/trezor_cver-100x100.jpg, https://cryptonist.ru/wp-content/uploads/2018/11/trezor_one_blue-100x100.jpg, https://cryptonist.ru/wp-content/uploads/2018/11/trezor_white-100x100.jpg, https://cryptonist.ru/wp-content/uploads/2018/11/trezor03-100x100.jpg, https://cryptonist.ru/wp-content/uploads/2018/11/trezor-android-100x100.jpeg, https://cryptonist.ru/wp-content/uploads/2018/11/Trezor-and-cryptosteel-1-100x100.jpg, https://cryptonist.ru/wp-content/uploads/2018/11/trezor_black-100x100.jpg, https://cryptonist.ru/wp-content/uploads/2018/11/trezor_wh1-100x100.jpg, https://cryptonist.ru/wp-content/uploads/2018/11/trezor_one_blue_white-100x100.jpg, https://cryptonist.ru/wp-content/uploads/2018/11/trezor_one_coffee-100x100.jpg, data:image/svg+xml,%3Csvg%20xmlns=%22http://www.w3.org/2000/svg%22%20viewBox=%220%200%20210%20140%22%3E%3C/svg%3E, """,0.012,6,3,0.6
Кардхолдер для CoolWallet,1 900,Аппаратные кошельки,"""Компактный кардхолдер для защиты аппаратного кошелька CoolWallet S, Pro от RFID и NFC считывания. Футляр выполнен из алюминия с веерным механизмом выдвижения девайса.""","""""","""https://cryptonist.ru/wp-content/uploads/2021/06/coolwallet-cardholder-100x100.jpg, """,,,,
Зарядное устройство для CoolWallet,3 490,Аксессуары,"""Зарядное устройство для Coolwallet Pro, CoolWallet S и Duo. Для зарядки необходимо поместить девайс на стороне с контактами в док-станцию. Соединяется с ПК через micro-USB кабель.
 
Компания Cryptonist рекомендует раз в 1-2 месяца заряжать устройство полностью. Это увеличит срок службы аккумуляторной батареи.""","""""","""https://cryptonist.ru/wp-content/uploads/2021/06/zaradnoe-ustroystvo-coolwallet-2-100x100.jpg, https://cryptonist.ru/wp-content/uploads/2021/06/zaradnoe-ustroystvo-coolwallet-01-100x100.jpg, """,,,,
Cryptosteel,10 990,Аксессуары,"""Надежное средство для офлайн хранения приватных ключей, паролей и мнемонических фраз восстановления (SEED). Это механическое устройство, которое служит сейфом для Ваших криптовалютных активов и других паролей.""","""Принцип работы Cryptosteel прост: в комплекте идут 250 выгравированных букв, из которых вы набираете нужный пароль или код и вставляете в устройство. Пользователь может хранить до 96 символов конфиденциальной информации.
 Cryptosteel имеет неоспоримые преимущества перед бумажным носителем:
1. 100% нержавеющая сталь.
2. Несгораемый корпус, выдерживающий 1200 C.
3. Водонепроницаемость (корпус не будет подвержен морскими солями даже на дне океана).
4. Ударопрочность (не поддается физическим воздействиям).""","""https://cryptonist.ru/wp-content/uploads/2018/11/steel-100x100.jpg, https://cryptonist.ru/wp-content/uploads/2018/11/Trezor-and-cryptosteel-1-100x100.jpg, https://cryptonist.ru/wp-content/uploads/2018/11/cryptosteel-and-trezor-100x100.jpg, https://cryptonist.ru/wp-content/uploads/2018/11/cryptosteel-letter-container-detail-100x100.jpg, https://cryptonist.ru/wp-content/uploads/2018/11/cryptosteel-unlocked-with-letters-100x100.jpg, https://cryptonist.ru/wp-content/uploads/2018/11/cryptosteel-mnemonic-1-100x100.jpg, https://cryptonist.ru/wp-content/uploads/2018/11/cryptosteel-with-hand-1-100x100.jpg, https://cryptonist.ru/wp-content/uploads/2018/11/Descryption-100x100.jpg, https://cryptonist.ru/wp-content/uploads/2018/11/Product-100x100.jpg, """,0.23,10.5,6,0.6
Cryptosteel Capsule (Капсула),8 990,Хранение резервных копий,"""Устройство для хранения Seed, приватных ключей и паролей""","""Cryptosteel Capsule (Капсула) – это лучший инструмент для автономного оффлайн хранения важных данных без участия третьих лиц. Создателями устройства является компания, которая разработала самое известное устройство для хранения мнемонической фразы Cryptosteel. Цельнометаллическое устройство разработано специально для того, чтобы сохранить важную информацию при любых экстремальных условиях.
 Капсула совместима практически с любыми алгоритмами генерации ключей – BIP39 (не сокращенная мнемоническая фраза из 12 слов или сокращения до 4 уникальных букв из 24 слов), Shamir Backup SLIP39 (4-буквенные аббревиатуры фразы из 20 слов), корневые ключи BIP32, WIF закрытые ключи, Monero Seed (4-буквенные аббревиатуры фразы из 25 слов).
 Устройство может хранить любые пароли и прочую важную информацию, состоящую из 123 символов(ASCII).""","""https://cryptonist.ru/wp-content/uploads/2019/11/cryptosteel-capsule-standing-1030x686-min-100x100.jpg, https://cryptonist.ru/wp-content/uploads/2019/11/cryptosteel-capsule-sliding-tiles-wide-1030x686-min-100x100.jpg, https://cryptonist.ru/wp-content/uploads/2019/11/cryptosteel-capsule-standing-core-wide-1030x687-min-100x100.jpg, https://cryptonist.ru/wp-content/uploads/2019/11/cryptosteel-capsule-top-1030x824-min-100x100.jpg, https://cryptonist.ru/wp-content/uploads/2019/11/cryptosteel-capsule-packaging-1030x822-min-100x100.jpg, https://cryptonist.ru/wp-content/uploads/2019/11/cryptosteel-capsule-closed-front-1030x687-min-100x100.jpg, https://cryptonist.ru/wp-content/uploads/2019/11/cryptosteel-capsule-open-1030x686-min-100x100.jpg, https://cryptonist.ru/wp-content/uploads/2019/11/cryptosteel-capsule-letter-set-1030x635-min-100x100.jpg, https://cryptonist.ru/wp-content/uploads/2019/11/capsule-hand-with-box-and-letters-1030x686-min-100x100.jpg, https://cryptonist.ru/wp-content/uploads/2019/11/cryptosteel-capsule-opening-1030x824-min-100x100.jpg, https://cryptonist.ru/wp-content/uploads/2019/11/cryptosteel-capsule-solo-top-1030x824-min-100x100.jpg, data:image/svg+xml,%3Csvg%20xmlns=%22http://www.w3.org/2000/svg%22%20viewBox=%220%200%20210%20140%22%3E%3C/svg%3E, """,,10.2,,
Cryptosteel Capsule DUO (Капсула),15 500,Хранение резервных копий,"""Новая двойная защита мнемонической фразы и паролей в виде двух капсул""","""Cryptosteel Capsule DUO (Капсула) – это самое надежное физическое устройство для хранения вашей мнемонической фразы и паролей. В комплекте два устройства, что открывает больше возможностей защиты ваших приватных ключей. Например, вы можете разделить вашу кодовую фразу и хранить их в разных местах: фразу в одном месте, а пароли с кодовой фразой в другом и т.д.
 Капсула совместима практически с любыми алгоритмами генерации ключей – BIP39 (не сокращенная мнемоническая фраза из 12 слов или сокращения до 4 уникальных букв из 24 слов), Shamir Backup SLIP39 (4-буквенные аббревиатуры фразы из 20 слов), корневые ключи BIP32, WIF закрытые ключи, Monero Seed (4-буквенные аббревиатуры фразы из 25 слов).
 Устройство может хранить любые пароли и прочую важную информацию, состоящую из 123 символов (ASCII).""","""https://cryptonist.ru/wp-content/uploads/2019/11/cryptosteel-capsule-standing-1030x686-min-100x100.jpg, https://cryptonist.ru/wp-content/uploads/2019/11/cryptosteel-capsule-sliding-tiles-wide-1030x686-min-100x100.jpg, https://cryptonist.ru/wp-content/uploads/2019/11/cryptosteel-capsule-standing-core-wide-1030x687-min-100x100.jpg, https://cryptonist.ru/wp-content/uploads/2020/06/0F4A9873-Edit-min_%D0%BA%D0%BE%D0%BF%D0%B8%D1%8F-100x100.jpg, https://cryptonist.ru/wp-content/uploads/2019/11/cryptosteel-capsule-packaging-1030x822-min-100x100.jpg, https://cryptonist.ru/wp-content/uploads/2020/06/0F4A0859-min-%D0%BA%D0%BE%D0%BF%D0%B8%D1%8F-100x100.jpg, https://cryptonist.ru/wp-content/uploads/2020/06/capsule-sealed-100x100.jpg, https://cryptonist.ru/wp-content/uploads/2019/11/cryptosteel-capsule-opening-1030x824-min-100x100.jpg, https://cryptonist.ru/wp-content/uploads/2020/06/0F4A9997-min-%D0%BA%D0%BE%D0%BF%D0%B8%D1%8F-100x100.jpg, https://cryptonist.ru/wp-content/uploads/2019/11/capsule-hand-with-box-and-letters-1030x686-min-100x100.jpg, https://cryptonist.ru/wp-content/uploads/2019/11/cryptosteel-capsule-letter-set-1030x635-min-100x100.jpg, data:image/svg+xml,%3Csvg%20xmlns=%22http://www.w3.org/2000/svg%22%20viewBox=%220%200%20210%20140%22%3E%3C/svg%3E, """,,10.2,,
Cryptotag Thor Starter Kit,24 900,Хранение резервных копий,"""Высокопрочное устройство с поддержкой до 48 слов мнемоники""","""Устройства CRYPTOTAG Thor Starter Kit сделаны из высокопрочного пуленепробиваемого титана толщиной 6 мм, что обеспечивает наивысшую безопасность для хранения фраз восстановления. Пластины обладают термостойкостью и выдерживают температуру до 1667 °C.
 Набор Thor Starter Kit содержит две пластины, на которых можно записать в общей сложности 48 слов мнемонической фразы для создания резервной копии аппаратного кошелька или какого-либо другого – это основное отличие от Zeus Starter Kit. С помощью пластин Thor вы можете хранить 2-е резервных копии Ledger Nano S/ Nano X или 4-е копии Trezor.""","""https://cryptonist.ru/wp-content/uploads/2021/10/cryptotag-thor-23-100x100.jpg, https://cryptonist.ru/wp-content/uploads/2021/10/cryptotag-thor-21-100x100.jpg, https://cryptonist.ru/wp-content/uploads/2021/10/cryptotag-thor-24-100x100.jpg, https://cryptonist.ru/wp-content/uploads/2021/10/cryptotag-thor-26-100x100.jpg, https://cryptonist.ru/wp-content/uploads/2021/10/cryptotag-thor-27-100x100.jpg, https://cryptonist.ru/wp-content/uploads/2021/10/cryptotag-thor-28-100x100.jpg, https://cryptonist.ru/wp-content/uploads/2021/10/cryptotag-thor-11-100x100.jpg, https://cryptonist.ru/wp-content/uploads/2021/10/cryptotag-thor-13-100x100.jpg, https://cryptonist.ru/wp-content/uploads/2021/10/cryptotag-thor-12-100x100.jpg, https://cryptonist.ru/wp-content/uploads/2021/10/cryptotag-thor-1-100x100.jpg, https://cryptonist.ru/wp-content/uploads/2021/10/cryptotag-thor-2-100x100.jpg, https://cryptonist.ru/wp-content/uploads/2021/10/cryptotag-thor-3-100x100.jpg, https://cryptonist.ru/wp-content/uploads/2021/10/cryptotag-thor-4-100x100.jpg, https://cryptonist.ru/wp-content/uploads/2021/10/cryptotag-thor-6-100x100.jpg, https://cryptonist.ru/wp-content/uploads/2021/10/cryptotag-thor-7-100x100.jpg, https://cryptonist.ru/wp-content/uploads/2021/10/cryptotag-thor-5-100x100.jpg, https://cryptonist.ru/wp-content/uploads/2021/10/cryptotag-thor-10-100x100.jpg, https://cryptonist.ru/wp-content/uploads/2021/10/cryptotag-thor-9-100x100.jpg, https://cryptonist.ru/wp-content/uploads/2021/10/cryptotag-thor-14-100x100.jpg, https://cryptonist.ru/wp-content/uploads/2021/10/cryptotag-thor-15-100x100.jpg, https://cryptonist.ru/wp-content/uploads/2021/10/cryptotag-thor-18-100x100.jpg, https://cryptonist.ru/wp-content/uploads/2021/10/cryptotag-thor-16-100x100.jpg, https://cryptonist.ru/wp-content/uploads/2021/10/cryptotag-thor-17-100x100.jpg, data:image/svg+xml,%3Csvg%20xmlns=%22http://www.w3.org/2000/svg%22%20viewBox=%220%200%20210%20140%22%3E%3C/svg%3E, """,0.21,11.3,6.8,0.6
Cryptotag Zeus Starter Kit,15 990,Хранение резервных копий,"""Пуленепробиваемая пластина для защиты резервных фраз""","""CRYPTOTAG Zeus Starter Kit – устройство для хранения мнемонических фраз из двух пластин, для создания которых использовался пуленепробиваемый титан толщиной 6 мм, способный выдержать температуру до 1667 °C. Подходит для хранения 24 или двух 12-словных seed-фраз. Например, вы можете сделать копию одного кошелька Ledger Nano S/X или двух Trezor.
 Пластины Zeus Starter Kit станут отличным решением для тех, кто хочет максимально защитить программный или аппаратный кошелек для долгосрочного хранения криптоактивов. Буквы на титановую пластину наносятся с помощью специального кернера, поставляемого в комплекте с устройством.""","""https://cryptonist.ru/wp-content/uploads/2021/10/cryptotag-zeus-20-100x100.jpg, https://cryptonist.ru/wp-content/uploads/2021/10/cryptotag-zeus-23-100x100.jpg, https://cryptonist.ru/wp-content/uploads/2021/10/cryptotag-zeus-21-100x100.jpg, https://cryptonist.ru/wp-content/uploads/2021/10/cryptotag-zeus-16-100x100.jpg, https://cryptonist.ru/wp-content/uploads/2021/10/cryptotag-zeus-27-100x100.jpg, https://cryptonist.ru/wp-content/uploads/2021/10/cryptotag-zeus-25-100x100.jpg, https://cryptonist.ru/wp-content/uploads/2021/10/cryptotag-zeus-12-100x100.jpg, https://cryptonist.ru/wp-content/uploads/2021/10/cryptotag-zeus-13-100x100.jpg, https://cryptonist.ru/wp-content/uploads/2021/10/cryptotag-zeus-14-100x100.jpg, https://cryptonist.ru/wp-content/uploads/2021/10/cryptotag-zeus-8-100x100.jpg, https://cryptonist.ru/wp-content/uploads/2021/10/cryptotag-zeus-22-100x100.jpg, https://cryptonist.ru/wp-content/uploads/2021/10/cryptotag-zeus-1-100x100.jpg, https://cryptonist.ru/wp-content/uploads/2021/10/cryptotag-zeus-3-100x100.jpg, https://cryptonist.ru/wp-content/uploads/2021/10/cryptotag-zeus-2-100x100.jpg, https://cryptonist.ru/wp-content/uploads/2021/10/cryptotag-zeus-5-100x100.jpg, https://cryptonist.ru/wp-content/uploads/2021/10/cryptotag-zeus-4-100x100.jpg, https://cryptonist.ru/wp-content/uploads/2021/10/cryptotag-zeus-6-100x100.jpg, https://cryptonist.ru/wp-content/uploads/2021/10/cryptotag-zeus-15-100x100.jpg, https://cryptonist.ru/wp-content/uploads/2021/10/cryptotag-zeus-11-100x100.jpg, https://cryptonist.ru/wp-content/uploads/2021/10/cryptotag-zeus-10-100x100.jpg, https://cryptonist.ru/wp-content/uploads/2021/10/cryptotag-zeus-9-100x100.jpg, https://cryptonist.ru/wp-content/uploads/2021/10/cryptotag-zeus-7-100x100.jpg, https://cryptonist.ru/wp-content/uploads/2021/10/cryptotag-zeus-17-100x100.jpg, data:image/svg+xml,%3Csvg%20xmlns=%22http://www.w3.org/2000/svg%22%20viewBox=%220%200%20210%20140%22%3E%3C/svg%3E, """,0.21,11.3,6.8,0.6
SafePal Cypher,5 500,Хранение резервных копий,"""Огнеупорное устройство для хранения seed-фразы""","""SafePal Cypher – безопасное устройство для хранения резервных копий для восстановления кошельков в огнеупорном и водонепроницаемом корпусе. Подходит для защиты аппаратных кошельков, совместимых с seed-фразой из 12, 18 и 24 слов. Простая установка и удобное хранение мнемонической фразы BIP39 и BIP44.
 Корпус SafePal Cypher сделан из нержавеющей стали марки 304, устойчив к коррозии и способен выдерживать температуры до 1398 градусов по Цельсию или до 2548 по Фаренгейту. В комплект входит устройство, ключ, дощечка с буквами и инструкция пользователя.""","""https://cryptonist.ru/wp-content/uploads/2021/04/safepal-cypher-04-100x100.jpg, https://cryptonist.ru/wp-content/uploads/2021/04/safepal-cypher-05-100x100.jpg, https://cryptonist.ru/wp-content/uploads/2021/04/safepal-cypher-06-100x100.jpg, https://cryptonist.ru/wp-content/uploads/2021/04/safepal-cypher-07-100x100.jpg, https://cryptonist.ru/wp-content/uploads/2021/04/safepal-cypher-08-100x100.jpg, https://cryptonist.ru/wp-content/uploads/2021/04/safepal-cypher-09-100x100.jpg, https://cryptonist.ru/wp-content/uploads/2021/04/safepal-cypher-001-100x100.jpg, https://cryptonist.ru/wp-content/uploads/2021/04/safepal-cypher-02-100x100.jpg, https://cryptonist.ru/wp-content/uploads/2021/04/safepal-cypher-03-100x100.jpg, data:image/svg+xml,%3Csvg%20xmlns=%22http://www.w3.org/2000/svg%22%20viewBox=%220%200%20210%20140%22%3E%3C/svg%3E, """,0.19,9.1,5.8,0.6
Устройство контроля доступа Yubikey Bio TypeC,11 990,Хранение резервных копий,"""Компактный и водонепроницаемый U2F-ключ с поддержкой протокола FIDO""","""Устройство Yubikey C Bio FIDO Edition — удобный и компактный U2F-ключ с биометрической аутентификацией для надежной защиты аккаунтов от взлома и утечки данных в приложениях и веб-сервисах. Аутентификатор обеспечивает безопасность благодаря беспарольному входу в учетные записи.
  Главное отличие аппаратных ключей Yubikey Bio FIDO Edition и C Bio — только в способе подключения кабелями: последний использует разъем USB Type-C, чтобы соединить устройство и компьютер. Данная модель не поддерживает бесконтактное подключение, в отличие от аппаратных аутентификаторов с поддержкой NFC-модулей.
  Серия Yubikey Bio FIDO Edition поддерживает протокол FIDO и WebAuth, а также настройку методов аутентификации: двухфакторной или мультифакторной.""","""https://cryptonist.ru/wp-content/uploads/2022/02/yubikey-bio-type-c-1-100x100.jpg, https://cryptonist.ru/wp-content/uploads/2022/02/yubikey-bio-type-c-5-100x100.jpg, https://cryptonist.ru/wp-content/uploads/2022/02/yubikey-bio-type-c-3-100x100.jpg, https://cryptonist.ru/wp-content/uploads/2022/02/yubikey-bio-type-c-2-100x100.jpg, https://cryptonist.ru/wp-content/uploads/2022/02/yubikey-bio-type-c-4-100x100.jpg, https://cryptonist.ru/wp-content/uploads/2022/02/yubikey-bio-type-c-06-100x100.jpg, """,0.003,4.5,1.8,0.33
Устройство контроля доступа Yubikey 5C Nano,8 500,U2F токены,"""Компактный U2F-ключ для защиты аккаунтов""","""YubiKey 5C Nano – прочное и водонепроницаемое устройство контроля доступа, которое надежно защищает учетные записи от кражи с помощью одноразовых паролей (код доступа). Ключ обеспечивает безопасность аккаунтов на аппаратном уровне и коннектится к ПК через USB-C порт. Для работы понадобится операционная система Windows, macOS или Linux.
 Одни из главных особенностей YubiKey 5C Nano – компактный размер платы, работа с сотнями онлайн-сервисов и программ, а также управление беспарольным доступом через приложение. Устройство поддерживает множество протоколов: Yubico, UTF, FIDO, FIDO2, OATH-HOTP, OpenPGP, смарт-карта (PIV) и другие.""","""https://cryptonist.ru/wp-content/uploads/2022/02/yubikey-5c-nano-5-100x100.jpg, https://cryptonist.ru/wp-content/uploads/2022/02/yubikey-5c-nano-1-100x100.jpg, https://cryptonist.ru/wp-content/uploads/2022/02/yubikey-5c-nano-3-100x100.jpg, https://cryptonist.ru/wp-content/uploads/2022/02/yubikey-5c-nano-2-100x100.jpg, https://cryptonist.ru/wp-content/uploads/2022/02/yubikey-5c-nano-4-100x100.jpg, """,0.001,1.01,1.2,0.7
Аппаратный ключ аутентификации YubiKey Bio FIDO Edition,10 990,U2F токены,"""Водонепроницаемый биометрический аутентификатор с поддержкой протоколов FIDO""","""YubiKey Bio FIDO Edition – это устройство с биометрической аутентификацией, которое обеспечивает быстрый беспарольный вход в аккаунт по отпечатку пальца, и асимметричной криптографией. Аппаратный аутентификатор предназначен для использования с настольным компьютером и работает без аккумулятора. Портативный YubiKey Bio подключается к устройству через USB-A.
 Поддерживает протоколы безопасности FIDO Universal U2F и FIDO2. Девайс герметичен, защищен от вскрытия и произведен из прочного, водонепроницаемого и устойчивого к давлению материала. Совместим с любым браузером, поддерживающим стандарт FIDO: Google Chrome, Opera, Mozilla Firefox и прочими. Серия YubiKey Bio не работает с сервисом Last Pass.""","""https://cryptonist.ru/wp-content/uploads/2021/11/yubikey-bio-fido-edition-2-100x100.jpg, https://cryptonist.ru/wp-content/uploads/2021/11/yubikey-bio-fido-edition-3-100x100.jpg, https://cryptonist.ru/wp-content/uploads/2021/11/yubikey-bio-fido-edition-4-100x100.jpg, https://cryptonist.ru/wp-content/uploads/2021/11/yubikey-bio-fido-edition-5-100x100.jpg, https://cryptonist.ru/wp-content/uploads/2021/11/yubikey-bio-fido-edition-6-100x100.jpg, https://cryptonist.ru/wp-content/uploads/2021/11/yubikey-bio-fido-edition-7-100x100.jpg, https://cryptonist.ru/wp-content/uploads/2021/11/yubikey-bio-fido-edition-1-100x100.jpg, """,0.003,4.5,1.8,0.33
Аппаратный ключ аутентификации YubiKey 5Ci,9 990,U2F токены,"""Водонепроницаемый YubiKey 5Ci с поддержкой подключений USB-C и Lightning""","""YubiKey 5Ci обеспечивает надежную защиту от фишинга аккаунтов: соцсетей, почтовых служб и многих других веб-сервисов. Устройство  поддерживает протоколы FIDO2, Yubico OTP, OATH HOTP, U2F, PIV и Open PGP. Имеет двухфакторную и мультифакторную аутентификацию в соответствии с лучшими стандартами безопасности. Беспарольный вход в учетную запись пользователя с помощью девайса в 4 раза быстрее, чем при вводе пароля.
 Прочный водонепроницаемый корпус защищает устройство от влаги и механических повреждений, что позволяет без страха брать его с собой в путешествия. Компактный ключ легко помещается в кармане или кошельке. YubiKey 5Ci может работать автономно без аккумулятора или подключения к сети.
 YubiKey доверяют крупные компании, такие как Google и Facebook. В ответ на растущее количество поддерживаемых приложений для iOS, YubiKey 5Ci с типом подключения Lightning стал отличным решением для поклонников iPhone.""","""https://cryptonist.ru/wp-content/uploads/2021/11/yubikey-5ci-1-100x100.jpg, https://cryptonist.ru/wp-content/uploads/2021/11/yubikey-5ci-2-100x100.jpg, https://cryptonist.ru/wp-content/uploads/2021/11/yubikey-5ci-3-100x100.jpg, https://cryptonist.ru/wp-content/uploads/2021/11/yubikey-5ci-4-100x100.jpg, https://cryptonist.ru/wp-content/uploads/2021/11/yubikey-5ci-5-100x100.jpg, https://cryptonist.ru/wp-content/uploads/2021/11/yubikey-5ci-6-100x100.jpg, """,0.0029,4,1.2,0.5
Аппаратный ключ аутентификации YubiKey 5C NFC,8 990,U2F токены,"""Универсальный аутентификатор YubiKey 5C NFC с типом подключения USB-C""","""YubiKey 5C NFC – аппаратный аутентификатор с типом подключения USB-C для продвинутой защиты аккаунтов большинства онлайн-сервисов от краж и фишинговых атак. Девайс прост в установке и настройке, обладает интуитивно-понятным интерфейсом, поддерживает беспарольный вход в учетную запись пользователя и многофакторную аутентификацию по отпечатку пальца или PIN-коду.
 Встроенный NFC-чип обеспечивает бесконтактный доступ к аккаунтам на устройствах iOS и Android. YubiKey 5C NFC поддерживает стандарты безопасности FIDO2, OATH HOTP, Yubico OTP, Open PGP, U2F и PIV. Работает без аккумулятора. Скорость аутентификации в 4 раза быстрее, чем у девайсов на основе OTP или SMS.""","""https://cryptonist.ru/wp-content/uploads/2021/11/yubikey-5c-nfc-1-100x100.jpg, https://cryptonist.ru/wp-content/uploads/2021/11/yubikey-5c-nfc-2-100x100.jpg, https://cryptonist.ru/wp-content/uploads/2021/11/yubikey-5c-nfc-3-100x100.jpg, https://cryptonist.ru/wp-content/uploads/2021/11/yubikey-5c-nfc-4-100x100.jpg, https://cryptonist.ru/wp-content/uploads/2021/11/yubikey-5c-nfc-5-100x100.jpg, https://cryptonist.ru/wp-content/uploads/2021/11/yubikey-5c-nfc-6-100x100.jpg, """,0.003,4.5,1.8,0.33
Аппаратный ключ аутентификации YubiKey 5 NFC,8 490,U2F токены,"""Аппаратный аутентификатор Yubikey 5 NFC для защиты от фишинга""","""Yubikey 5 NFC – прочное и водонепроницаемое устройство аутентификации. Надежно защищает аккаунты email, бирж и соцсетей от несанкционированного доступа на аппаратном уровне.
 Устройство поддерживает подключение через USB-A и бесконтактную синхронизацию через NFC с iOS и Android. Доступна мультифакторная аутентификация без паролей с протоколами U2F, OpenPGP, Yubico OTP и PIV.""","""https://cryptonist.ru/wp-content/uploads/2021/04/yubikey-5-nfc-5-100x100.jpg, https://cryptonist.ru/wp-content/uploads/2021/04/yubikey-5-nfs-1-100x100.jpg, https://cryptonist.ru/wp-content/uploads/2021/04/yubikey-5-nfs-2-100x100.jpg, https://cryptonist.ru/wp-content/uploads/2021/04/yubikey-5-nfs-3-100x100.jpg, https://cryptonist.ru/wp-content/uploads/2021/04/yubikey-5-nfs-4-100x100.jpg, """,0.003,4.5,1.8,0.33
Аппаратный ключ аутентификации Yubikey Security Key NFC USB-C,5 990,U2F токены,"""Компактный аутентификатор Yubikey Security Key NFC с поддержкой USB-C""","""Аутентификаторы Yubikey Security Key NFC обеспечивают быстрый беспарольный вход и надежно защищает пользователей от взлома учетной записи в таких онлайн-сервисах, как Gmail, Google Drive, Twitter, Facebook и множества прочих.
 Единственное, что отличает эту модель Yubikey Security Key NFC от аналогичной – проводная связь через USB-C вместо USB-A. Встроенный NFC-чип обеспечивает бесконтактное подключение к смартфонам. а протоколы U2F и FIDO – безопасную и простую двухфакторную аутентификацию.
 Устройства совместимы с Google Chrome, Firefox и Safari и другими известными браузерами. Данная модель поддерживается ОС Windows, macOS и Linux.""","""https://cryptonist.ru/wp-content/uploads/2021/04/yubikey-security-key-nfc-3-100x100.jpg, https://cryptonist.ru/wp-content/uploads/2022/01/security-key-nfc-usb-c-1-100x100.jpg, """,0.0036,4.5,1.8,0.33
Аппаратный ключ аутентификации Yubikey Security Key NFC USB-A,5 490,U2F токены,"""Аппаратный аутентификатор Yubikey Security Key для защиты от фишинга""","""Yubikey Security Key NFC – безопасный аппаратный аутентификатор с поддержкой протоколов U2F и FIDO. От модели Security Key устройство отличает наличие модуля NFC для бесконтактной связи со смартфонами. Для проводного подключения используется USB-A. Предотвращает взлом учетной записи в сервисах Gmail, Dropbox, Facebook и сотнях других.
 Надежная двухфакторная аутентификация с беспарольным входом и криптографической защитой.
Поддерживаемые ОС: Windows, MacOS и Linux. Устройство работает практически в любых браузерах, в том числе Google Chrome, Firefox и Safari.""","""https://cryptonist.ru/wp-content/uploads/2021/04/yubikey-security-key-nfc-5-100x100.jpg, https://cryptonist.ru/wp-content/uploads/2021/04/yubikey-security-key-nfc-1-100x100.jpg, https://cryptonist.ru/wp-content/uploads/2021/04/yubikey-security-key-nfc-2-100x100.jpg, https://cryptonist.ru/wp-content/uploads/2021/04/yubikey-security-key-nfc-3-100x100.jpg, https://cryptonist.ru/wp-content/uploads/2021/04/yubikey-security-key-nfc-4-100x100.jpg, """,0.0036,4.5,1.8,0.33
